{"HR(\u5fc3\u62cd\u6570)": {"mean": 73.36318802227427, "std": 14.427857704662983}, "ABP(S)(\u89b3\u8840)": {"mean": 111.28706247703487, "std": 36.171734441880275}, "ABP(D)(\u89b3\u8840)": {"mean": 55.95779392416466, "std": 24.455624162304566}, "ART(M)": {"mean": 74.31274550475896, "std": 27.85628677730262}, "SYS": {"mean": 102.56891704818736, "std": 18.232525839368844}, "DIAS": {"mean": 62.015400206942495, "std": 11.800641865158846}, "MEAN": {"mean": 74.1589913679466, "std": 13.47615699289791}, "SpO2": {"mean": 99.42402243465011, "std": 1.112585142532023}, "ANESFiO2": {"mean": 44.011814041468256, "std": 15.212128628935494}, "ANESEtCO2": {"mean": 36.41578869163441, "std": 5.2861328983703055}, "TNASO": {"mean": 36.52214165653601, "std": 1.7763871952607713}, "TBLAD": {"mean": 37.09165470540283, "std": 0.9349099566996111}, "BIS": {"mean": 50.97426323376311, "std": 12.173519813830874}, "\u30d5\u30a7\u30cb\u30ec\u30d5\u30ea\u30f3": {"mean": 0.006869277353397905, "std": 0.0875656624740529}, "\u30ce\u30eb\u30a2\u30c9\u30ec\u30ca\u30ea\u30f3": {"mean": 0.0024088356729975225, "std": 0.1254420689774837}, "\u8f38\u6db2_\u30dc\u30eb\u30d9\u30f3": {"mean": 2.1930994794527714, "std": 31.76443254219438}}